Mutation	Gene
A 4120983 G	Intergenic region
A 1481185 C	Rv1319c
C 1481563 T	Rv1319c
CG 3133054 GC	Rv2825c
GGATG 2338990 CGATA	Rv2082
T 283614 C	aftD
G 2339240 A	Rv2082
C 2340621 G	Rv2082
CGTC 1480945 GGTT	Rv1319c
G 1779370 C	Rv1573
C 80616 G	Intergenic region
A 356528 G	eccE3
G 3860216 A	mrsA
C 4357597 G	espK
C 623508 G	PE_PGRS6
G 21795 A	pstP
A 906857 G	Rv0812
C 2798595 T	Rv2488c
C 4336991 T	Rv3860
T 882257 C	Rv0787
C 104824 A	Rv0095c
C 2087652 T	vapB13
T 652950 C	grcC1
A 3270784 G	ppsE
G 1536251 T	Rv1364c
G 3228143 T	Rv2917
G 2452452 A	Rv2190c
T 14785 C	Rv0012
C 346275 G	eccC3
G 2661039 A	mbtF
G 3679764 A	lhr
G 467585 C	PPE9
C 3678094 T	lhr
T 4095295 C	Rv3655c
G 1150585 A	kdpD
G 2652254 C	Rv2372c
G 1002172 A	Rv0897c
G 3750584 A	PPE55
C 1488428 T	PE_PGRS24
G 3604821 C	Rv3228
G 2949251 A	Rv2622
G 4142192 A	Rv3699
C 1009500 T	Rv0906
G 440365 A	mgtE
A 1292102 G	narH
A 3355949 C	Rv2997
A 597816 G	mmpL2
GGC 3941834 CGA	PE_PGRS56
C 4242643 T	embC
A 3358235 T	lppY
